{
  "version": "1.1585646208",
  "name": "custom.jmx.Boomi-Cluster1585646208685",
  "type": "JMX",
  "metricGroup": "custom.jmx.Boomi-Cluster",
  "processTypes": [
    10,
    12,
    13,
    16,
    17,
    18
  ],
  "entity": "PROCESS_GROUP_INSTANCE",
  "configUI": {
    "displayName": "Boomi-Cluster"
  },
  "ui": {
    "charts": [
      {
        "group": "Boomi-Cluster metrics",
        "title": "number_of_tasks_in_timer",
        "series": [
          {
            "key": "metric_number_of_tasks_in_timer_1585646136126",
            "aggregation": "avg",
            "displayname": "number_of_tasks_in_timer"
          }
        ]
      },
      {
        "group": "Boomi-Cluster metrics",
        "title": "received_bytes",
        "series": [
          {
            "key": "metric_received_bytes_1585646154225",
            "aggregation": "avg",
            "displayname": "received_bytes"
          }
        ]
      },
      {
        "group": "Boomi-Cluster metrics",
        "title": "received_messages",
        "series": [
          {
            "key": "metric_received_messages_1585646170051",
            "aggregation": "avg",
            "displayname": "received_messages"
          }
        ]
      },
      {
        "group": "Boomi-Cluster metrics",
        "title": "sent_bytes",
        "series": [
          {
            "key": "metric_sent_bytes_1585646181612",
            "aggregation": "avg",
            "displayname": "sent_bytes"
          }
        ]
      },
      {
        "group": "Boomi-Cluster metrics",
        "title": "sent_messages",
        "series": [
          {
            "key": "metric_sent_messages_1585646189481",
            "aggregation": "avg",
            "displayname": "sent_messages"
          }
        ]
      },
      {
        "group": "Boomi-Cluster metrics",
        "title": "timer_threads",
        "series": [
          {
            "key": "metric_timer_threads_1585646198625",
            "aggregation": "avg",
            "displayname": "timer_threads"
          }
        ]
      }
    ]
  },
  "metrics": [
    {
      "timeseries": {
        "key": "metric_number_of_tasks_in_timer_1585646136126",
        "unit": "Count",
        "displayname": "number_of_tasks_in_timer",
        "dimensions": [
          "rx_pid"
        ]
      },
      "source": {
        "domain": "com.boomi.container.services",
        "keyProperties": {
          "type": "channel",
          "cluster": "\"ATOM_CLUSTER\""
        },
        "attribute": "number_of_tasks_in_timer",
        "allowAdditionalKeys": false,
        "calculateDelta": false,
        "calculateRate": false,
        "aggregation": "AVG"
      }
    },
    {
      "timeseries": {
        "key": "metric_received_bytes_1585646154225",
        "unit": "Count",
        "displayname": "received_bytes",
        "dimensions": [
          "rx_pid"
        ]
      },
      "source": {
        "domain": "com.boomi.container.services",
        "keyProperties": {
          "type": "channel",
          "cluster": "\"ATOM_CLUSTER\""
        },
        "attribute": "received_bytes",
        "allowAdditionalKeys": true,
        "calculateDelta": false,
        "calculateRate": false,
        "aggregation": "AVG"
      }
    },
    {
      "timeseries": {
        "key": "metric_received_messages_1585646170051",
        "unit": "Count",
        "displayname": "received_messages",
        "dimensions": [
          "rx_pid"
        ]
      },
      "source": {
        "domain": "com.boomi.container.services",
        "keyProperties": {
          "type": "channel",
          "cluster": "\"ATOM_CLUSTER\""
        },
        "attribute": "received_messages",
        "allowAdditionalKeys": true,
        "calculateDelta": false,
        "calculateRate": false,
        "aggregation": "AVG"
      }
    },
    {
      "timeseries": {
        "key": "metric_sent_bytes_1585646181612",
        "unit": "Count",
        "displayname": "sent_bytes",
        "dimensions": [
          "rx_pid"
        ]
      },
      "source": {
        "domain": "com.boomi.container.services",
        "keyProperties": {
          "type": "channel",
          "cluster": "\"ATOM_CLUSTER\""
        },
        "attribute": "sent_bytes",
        "allowAdditionalKeys": true,
        "calculateDelta": false,
        "calculateRate": false,
        "aggregation": "AVG"
      }
    },
    {
      "timeseries": {
        "key": "metric_sent_messages_1585646189481",
        "unit": "Count",
        "displayname": "sent_messages",
        "dimensions": [
          "rx_pid"
        ]
      },
      "source": {
        "domain": "com.boomi.container.services",
        "keyProperties": {
          "type": "channel",
          "cluster": "\"ATOM_CLUSTER\""
        },
        "attribute": "sent_messages",
        "allowAdditionalKeys": true,
        "calculateDelta": false,
        "calculateRate": false,
        "aggregation": "AVG"
      }
    },
    {
      "timeseries": {
        "key": "metric_timer_threads_1585646198625",
        "unit": "Count",
        "displayname": "timer_threads",
        "dimensions": [
          "rx_pid"
        ]
      },
      "source": {
        "domain": "com.boomi.container.services",
        "keyProperties": {
          "type": "channel",
          "cluster": "\"ATOM_CLUSTER\""
        },
        "attribute": "timer_threads",
        "allowAdditionalKeys": true,
        "calculateDelta": false,
        "calculateRate": false,
        "aggregation": "AVG"
      }
    }
  ]
}