{
  "version": "1.1585646214",
  "name": "custom.jmx.Boomi-Cluster1585646208685",
  "type": "JMX",
  "metricGroup": "custom.jmx.Boomi-Cluster",
  "processTypes": [
    10,
    12,
    13,
    16,
    17,
    18
  ],
  "entity": "PROCESS_GROUP_INSTANCE",
  "configUI": {
    "displayName": "Boomi-Cluster"
  },
  "ui": {
    "charts": [
      {
        "group": "Boomi-Cluster metrics",
        "title": "number_of_tasks_in_timer",
        "series": [
          {
            "key": "metric_number_of_tasks_in_timer_1585646136126",
            "aggregation": "avg",
            "displayname": "number_of_tasks_in_timer"
          }
        ]
      },
      {
        "group": "Boomi-Cluster metrics",
        "title": "received_bytes",
        "series": [
          {
            "key": "metric_received_bytes_1585646154225",
            "aggregation": "avg",
            "displayname": "received_bytes"
          }
        ]
      },
      {
        "group": "Boomi-Cluster metrics",
        "title": "received_messages",
        "series": [
          {
            "key": "metric_received_messages_1585646170051",
            "aggregation": "avg",
            "displayname": "received_messages"
          }
        ]
      },
      {
        "group": "Boomi-Cluster metrics",
        "title": "sent_bytes",
        "series": [
          {
            "key": "metric_sent_bytes_1585646181612",
            "aggregation": "avg",
            "displayname": "sent_bytes"
          }
        ]
      },
      {
        "group": "Boomi-Cluster metrics",
        "title": "sent_messages",
        "series": [
          {
            "key": "metric_sent_messages_1585646189481",
            "aggregation": "avg",
            "displayname": "sent_messages"
          }
        ]
      },
      {
        "group": "Boomi-Cluster metrics",
        "title": "timer_threads",
        "series": [
          {
            "key": "metric_timer_threads_1585646198625",
            "aggregation": "avg",
            "displayname": "timer_threads"
          }
        ]
      },
      {
        "group": "Boomi-Cluster metrics",
        "title": "received_messages_delta",
        "series": [
          {
            "key": "metric_received_messages_1629726570355",
            "aggregation": "avg",
            "displayname": "received_messages_delta"
          }
        ]
      },
      {
        "group": "Boomi-Cluster metrics",
        "title": "sent_messages_delta",
        "series": [
          {
            "key": "metric_sent_messages_1629727892503",
            "aggregation": "avg",
            "displayname": "sent_messages_delta"
          }
        ]
      },
      {
        "group": "Boomi-Cluster metrics",
        "title": "sent_bytes_delta",
        "series": [
          {
            "key": "metric_sent_bytes_1629727999790",
            "aggregation": "avg",
            "displayname": "sent_bytes_delta"
          }
        ]
      },
      {
        "group": "Boomi-Cluster metrics",
        "title": "received_bytes_delta",
        "series": [
          {
            "key": "metric_received_bytes_1629728025126",
            "aggregation": "avg",
            "displayname": "received_bytes_delta"
          }
        ]
      },
      {
        "group": "Boomi-Cluster metrics",
        "title": "Jetty thread pool size",
        "series": [
          {
            "key": "metric_threads_1629728532915",
            "aggregation": "avg",
            "displayname": "Jetty thread pool size"
          }
        ]
      },
      {
        "group": "Boomi-Cluster metrics",
        "title": "Jetty thread pool queue size",
        "series": [
          {
            "key": "metric_queueSize_1629728575728",
            "aggregation": "avg",
            "displayname": "Jetty thread pool queue size"
          }
        ]
      }
    ]
  },
  "metrics": [
    {
      "timeseries": {
        "key": "metric_number_of_tasks_in_timer_1585646136126",
        "unit": "Count",
        "displayname": "number_of_tasks_in_timer",
        "dimensions": [
          "rx_pid"
        ]
      },
      "source": {
        "domain": "com.boomi.container.services",
        "keyProperties": {
          "type": "channel",
          "cluster": "\"ATOM_CLUSTER\""
        },
        "attribute": "number_of_tasks_in_timer",
        "allowAdditionalKeys": false,
        "calculateDelta": false,
        "calculateRate": false,
        "aggregation": "AVG"
      }
    },
    {
      "timeseries": {
        "key": "metric_received_bytes_1585646154225",
        "unit": "Count",
        "displayname": "received_bytes",
        "dimensions": [
          "rx_pid"
        ]
      },
      "source": {
        "domain": "com.boomi.container.services",
        "keyProperties": {
          "type": "channel",
          "cluster": "\"ATOM_CLUSTER\""
        },
        "attribute": "received_bytes",
        "allowAdditionalKeys": true,
        "calculateDelta": false,
        "calculateRate": false,
        "aggregation": "AVG"
      }
    },
    {
      "timeseries": {
        "key": "metric_received_messages_1585646170051",
        "unit": "Count",
        "displayname": "received_messages",
        "dimensions": [
          "rx_pid"
        ]
      },
      "source": {
        "domain": "com.boomi.container.services",
        "keyProperties": {
          "type": "channel",
          "cluster": "\"ATOM_CLUSTER\""
        },
        "attribute": "received_messages",
        "allowAdditionalKeys": true,
        "calculateDelta": false,
        "calculateRate": false,
        "aggregation": "AVG"
      }
    },
    {
      "timeseries": {
        "key": "metric_sent_bytes_1585646181612",
        "unit": "Count",
        "displayname": "sent_bytes",
        "dimensions": [
          "rx_pid"
        ]
      },
      "source": {
        "domain": "com.boomi.container.services",
        "keyProperties": {
          "type": "channel",
          "cluster": "\"ATOM_CLUSTER\""
        },
        "attribute": "sent_bytes",
        "allowAdditionalKeys": true,
        "calculateDelta": false,
        "calculateRate": false,
        "aggregation": "AVG"
      }
    },
    {
      "timeseries": {
        "key": "metric_sent_messages_1585646189481",
        "unit": "Count",
        "displayname": "sent_messages",
        "dimensions": [
          "rx_pid"
        ]
      },
      "source": {
        "domain": "com.boomi.container.services",
        "keyProperties": {
          "type": "channel",
          "cluster": "\"ATOM_CLUSTER\""
        },
        "attribute": "sent_messages",
        "allowAdditionalKeys": true,
        "calculateDelta": false,
        "calculateRate": false,
        "aggregation": "AVG"
      }
    },
    {
      "timeseries": {
        "key": "metric_timer_threads_1585646198625",
        "unit": "Count",
        "displayname": "timer_threads",
        "dimensions": [
          "rx_pid"
        ]
      },
      "source": {
        "domain": "com.boomi.container.services",
        "keyProperties": {
          "type": "channel",
          "cluster": "\"ATOM_CLUSTER\""
        },
        "attribute": "timer_threads",
        "allowAdditionalKeys": true,
        "calculateDelta": false,
        "calculateRate": false,
        "aggregation": "AVG"
      }
    },
    {
      "timeseries": {
        "key": "metric_received_messages_1629726570355",
        "unit": "Count",
        "displayname": "received_messages_delta",
        "dimensions": [
          "rx_pid"
        ]
      },
      "source": {
        "domain": "com.boomi.container.services",
        "keyProperties": {
          "cluster": "*",
          "type": "*"
        },
        "attribute": "received_messages",
        "allowAdditionalKeys": true,
        "calculateDelta": true,
        "calculateRate": false,
        "aggregation": "AVG"
      }
    },
    {
      "timeseries": {
        "key": "metric_sent_messages_1629727892503",
        "unit": "Count",
        "displayname": "sent_messages_delta",
        "dimensions": [
          "rx_pid"
        ]
      },
      "source": {
        "domain": "com.boomi.container.services",
        "keyProperties": {
          "cluster": "*"
        },
        "attribute": "sent_messages",
        "allowAdditionalKeys": true,
        "calculateDelta": true,
        "calculateRate": false,
        "aggregation": "AVG"
      }
    },
    {
      "timeseries": {
        "key": "metric_sent_bytes_1629727999790",
        "unit": "Count",
        "displayname": "sent_bytes_delta",
        "dimensions": [
          "rx_pid"
        ]
      },
      "source": {
        "domain": "com.boomi.container.services",
        "keyProperties": {
          "cluster": "*"
        },
        "attribute": "sent_bytes",
        "allowAdditionalKeys": true,
        "calculateDelta": true,
        "calculateRate": false,
        "aggregation": "AVG"
      }
    },
    {
      "timeseries": {
        "key": "metric_received_bytes_1629728025126",
        "unit": "Count",
        "displayname": "received_bytes_delta",
        "dimensions": [
          "rx_pid"
        ]
      },
      "source": {
        "domain": "com.boomi.container.services",
        "keyProperties": {
          "cluster": "*"
        },
        "attribute": "received_bytes",
        "allowAdditionalKeys": true,
        "calculateDelta": true,
        "calculateRate": false,
        "aggregation": "AVG"
      }
    },
    {
      "timeseries": {
        "key": "metric_threads_1629728532915",
        "unit": "Count",
        "displayname": "Jetty thread pool size",
        "dimensions": [
          "rx_pid"
        ]
      },
      "source": {
        "domain": "com.boomi.jetty",
        "keyProperties": {
          "type": "queuedthreadpool"
        },
        "attribute": "threads",
        "allowAdditionalKeys": true,
        "calculateDelta": false,
        "calculateRate": false,
        "aggregation": "AVG"
      }
    },
    {
      "timeseries": {
        "key": "metric_queueSize_1629728575728",
        "unit": "Count",
        "displayname": "Jetty thread pool queue size",
        "dimensions": [
          "rx_pid"
        ]
      },
      "source": {
        "domain": "com.boomi.jetty",
        "keyProperties": {
          "type": "queuedthreadpool"
        },
        "attribute": "queueSize",
        "allowAdditionalKeys": true,
        "calculateDelta": false,
        "calculateRate": false,
        "aggregation": "AVG"
      }
    }
  ]
}